{
    "rms": 0.9680612336704422,
    "intrinsic_matrix": [
        [
            10026.626741114058,
            0.0,
            2662.0671785775153
        ],
        [
            0.0,
            10109.733916239093,
            1840.3465197927449
        ],
        [
            0.0,
            0.0,
            1.0
        ]
    ],
    "distortion_coefficients": [
        -0.0042914948829118026,
        0.9951352897464095,
        0.005629716800865825,
        0.003491211190897736,
        -9.523838466259528
    ],
    "pattern": {
        "columns": 9,
        "rows": 6,
        "square_size_mm": 25.0
    },
    "image_size": {
        "width": 5184,
        "height": 3456
    },
    "reprojection_error": {
        "mean": 0.7443827367745913,
        "max": 2.1544430255889893,
        "per_image": [
            1.0500774383544922,
            0.6240546703338623,
            0.6325144171714783,
            0.5992341041564941,
            0.501428484916687,
            0.6588783860206604,
            0.5920620560646057,
            0.5013456344604492,
            0.43838557600975037,
            0.6116930842399597,
            0.6404803991317749,
            2.1544430255889893,
            0.6723783016204834
        ]
    },
    "statistics": {
        "total_images": 23,
        "valid_images": 13,
        "blur_skipped": 2,
        "read_failures": 0,
        "detection_failures": 8
    }
}