{
    "rms": 0.984742313726492,
    "intrinsic_matrix": [
        [
            5708.246587602952,
            0.0,
            2666.8021953547022
        ],
        [
            0.0,
            5755.6793571114285,
            1827.5143800366402
        ],
        [
            0.0,
            0.0,
            1.0
        ]
    ],
    "distortion_coefficients": [
        -0.12337426982705944,
        0.2855059169243674,
        0.004342001360303618,
        0.003459067967514341,
        -1.118419207420998
    ],
    "pattern": {
        "columns": 9,
        "rows": 6,
        "square_size_mm": 25.0
    },
    "image_size": {
        "width": 5184,
        "height": 3456
    },
    "reprojection_error": {
        "mean": 0.7493302176396052,
        "max": 2.594184637069702,
        "per_image": [
            0.711299479007721,
            0.45251724123954773,
            0.43161389231681824,
            0.5605335235595703,
            0.4886176586151123,
            0.38180309534072876,
            0.636241614818573,
            0.6297282576560974,
            0.7965754270553589,
            0.6122139096260071,
            0.8513780236244202,
            0.5364120006561279,
            0.5900107622146606,
            0.7337402105331421,
            0.6135615706443787,
            0.7749063968658447,
            0.804606020450592,
            2.594184637069702,
            0.5128986835479736,
            0.7038989067077637,
            0.9154627919197083,
            0.7563803791999817,
            0.9625833034515381,
            0.9327574372291565
        ]
    },
    "statistics": {
        "total_images": 33,
        "valid_images": 24,
        "blur_skipped": 7,
        "read_failures": 0,
        "detection_failures": 2
    }
}