{
    "rms": 1.1604280346181726,
    "intrinsic_matrix": [
        [
            11145.773794427021,
            0.0,
            2704.7022155937075
        ],
        [
            0.0,
            11239.128005026521,
            1868.91815265139
        ],
        [
            0.0,
            0.0,
            1.0
        ]
    ],
    "distortion_coefficients": [
        0.107849667971273,
        -4.934049373211677,
        0.005900729646890361,
        0.0027962581278870072,
        76.7784530798286
    ],
    "pattern": {
        "columns": 9,
        "rows": 6,
        "square_size_mm": 25.0
    },
    "image_size": {
        "width": 5184,
        "height": 3456
    },
    "reprojection_error": {
        "mean": 0.8274128437042236,
        "max": 1.914862871170044,
        "per_image": [
            1.9105406999588013,
            1.6552619934082031,
            0.5548439621925354,
            0.561533510684967,
            0.4701753854751587,
            0.5773047804832458,
            1.2913026809692383,
            0.4152770936489105,
            0.4777473211288452,
            0.3327999711036682,
            0.4141865074634552,
            1.005656361579895,
            0.56020188331604,
            1.914862871170044,
            0.5750935077667236,
            0.5218169689178467
        ]
    },
    "statistics": {
        "total_images": 43,
        "valid_images": 16,
        "blur_skipped": 23,
        "read_failures": 0,
        "detection_failures": 4
    }
}