{
    "rms": 1.4280829306690548,
    "intrinsic_matrix": [
        [
            8983.627397689863,
            0.0,
            2750.274158579818
        ],
        [
            0.0,
            9057.504372765,
            1813.2992949681122
        ],
        [
            0.0,
            0.0,
            1.0
        ]
    ],
    "distortion_coefficients": [
        0.0029849379640772378,
        -0.8515808079596945,
        0.004362403378610566,
        0.004657922106399212,
        8.221841386681213
    ],
    "pattern": {
        "columns": 9,
        "rows": 6,
        "square_size_mm": 25.0
    },
    "image_size": {
        "width": 5184,
        "height": 3456
    },
    "reprojection_error": {
        "mean": 1.1116652376949787,
        "max": 2.956362009048462,
        "per_image": [
            1.1818535327911377,
            0.5461384654045105,
            0.7538058161735535,
            0.811862587928772,
            0.9879904985427856,
            1.1154206991195679,
            1.885180115699768,
            0.5437542796134949,
            0.6246010065078735,
            0.6890153288841248,
            1.138264775276184,
            1.2410659790039062,
            1.706947922706604,
            0.6505870819091797,
            0.9537937045097351,
            2.956362009048462
        ]
    },
    "statistics": {
        "total_images": 21,
        "valid_images": 16,
        "blur_skipped": 2,
        "read_failures": 0,
        "detection_failures": 3
    }
}