{
    "rms": 1.4585187363601058,
    "intrinsic_matrix": [
        [
            12374.717259908628,
            0.0,
            2792.2583557986536
        ],
        [
            0.0,
            12472.876046824833,
            1905.7312600279733
        ],
        [
            0.0,
            0.0,
            1.0
        ]
    ],
    "distortion_coefficients": [
        0.05107384763236255,
        -1.2942249814352647,
        0.006974923148724626,
        0.006329714575425876,
        55.651546674906136
    ],
    "pattern": {
        "columns": 9,
        "rows": 6,
        "square_size_mm": 25.0
    },
    "image_size": {
        "width": 5184,
        "height": 3456
    },
    "reprojection_error": {
        "mean": 1.0404501963745465,
        "max": 2.683021306991577,
        "per_image": [
            1.9662179946899414,
            2.4542388916015625,
            2.683021306991577,
            1.233268141746521,
            0.8815444111824036,
            0.6718601584434509,
            0.4165602922439575,
            0.557131290435791,
            0.496019184589386,
            0.542030394077301,
            0.542494535446167,
            1.2981905937194824,
            1.7708863019943237,
            0.5178134441375732,
            0.6278388500213623,
            1.9420503377914429,
            0.5750441551208496,
            1.5377954244613647,
            0.5035830140113831,
            0.49621713161468506,
            0.6094846129417419,
            0.5666138529777527
        ]
    },
    "statistics": {
        "total_images": 28,
        "valid_images": 22,
        "blur_skipped": 1,
        "read_failures": 0,
        "detection_failures": 5
    }
}