{
    "rms": 3.552611363033327,
    "intrinsic_matrix": [
        [
            6560.870418975048,
            0.0,
            2692.1216217728374
        ],
        [
            0.0,
            6613.496271459716,
            1852.5783232476958
        ],
        [
            0.0,
            0.0,
            1.0
        ]
    ],
    "distortion_coefficients": [
        -0.10355987137479476,
        0.14212903760428353,
        0.001927880722200333,
        0.0006030470732464365,
        -0.16943296842009778
    ],
    "pattern": {
        "columns": 9,
        "rows": 6,
        "square_size_mm": 25.0
    },
    "image_size": {
        "width": 5184,
        "height": 3456
    },
    "reprojection_error": {
        "mean": 1.3874593526124954,
        "max": 4.205750465393066,
        "per_image": [
            2.3529791831970215,
            0.8110756874084473,
            0.9383304715156555,
            0.6564433574676514,
            4.205750465393066,
            0.8308806419372559,
            2.6654250621795654,
            0.7074623703956604,
            0.8171261548995972,
            0.7949095964431763,
            0.9214591383934021,
            0.9476701021194458
        ]
    },
    "statistics": {
        "total_images": 21,
        "valid_images": 12,
        "blur_skipped": 0,
        "read_failures": 0,
        "detection_failures": 9
    }
}