{
    "rms": 1.902045630606692,
    "intrinsic_matrix": [
        [
            7884.358824477238,
            0.0,
            2623.3297363770275
        ],
        [
            0.0,
            7950.272615030066,
            1875.9110957147252
        ],
        [
            0.0,
            0.0,
            1.0
        ]
    ],
    "distortion_coefficients": [
        -0.1674035480730215,
        4.001641341712353,
        0.00698691684711799,
        0.0022101061377179402,
        -35.536385501450525
    ],
    "pattern": {
        "columns": 9,
        "rows": 6,
        "square_size_mm": 25.0
    },
    "image_size": {
        "width": 5184,
        "height": 3456
    },
    "reprojection_error": {
        "mean": 1.087539105646072,
        "max": 3.9217848777770996,
        "per_image": [
            0.814975380897522,
            0.693876326084137,
            0.901955783367157,
            0.7918682098388672,
            0.8497962951660156,
            0.6047143340110779,
            0.6230356693267822,
            0.7551030516624451,
            0.6512221693992615,
            1.5153592824935913,
            2.523364782333374,
            0.6695163249969482,
            0.6585269570350647,
            0.7259835004806519,
            0.985830545425415,
            1.0702639818191528,
            1.1399706602096558,
            1.4706655740737915,
            0.7275776863098145,
            0.6517337560653687,
            1.9164376258850098,
            1.1071406602859497,
            1.0717982053756714,
            0.9127557277679443,
            0.7224105000495911,
            3.9217848777770996,
            2.1161317825317383,
            0.9860547184944153,
            0.6964584589004517,
            0.6506398320198059,
            0.786759614944458
        ]
    },
    "statistics": {
        "total_images": 33,
        "valid_images": 31,
        "blur_skipped": 0,
        "read_failures": 0,
        "detection_failures": 2
    }
}