{
    "rms": 1.1459685614190627,
    "intrinsic_matrix": [
        [
            11356.670042269212,
            0.0,
            2554.3737908373623
        ],
        [
            0.0,
            11452.076225184477,
            1933.556826733219
        ],
        [
            0.0,
            0.0,
            1.0
        ]
    ],
    "distortion_coefficients": [
        0.020651936760244564,
        1.750195953615039,
        0.008613571218233659,
        0.0016248068215674993,
        -14.118942963459437
    ],
    "pattern": {
        "columns": 9,
        "rows": 6,
        "square_size_mm": 25.0
    },
    "image_size": {
        "width": 5184,
        "height": 3456
    },
    "reprojection_error": {
        "mean": 0.9115898098264422,
        "max": 1.696171760559082,
        "per_image": [
            0.6001049876213074,
            0.7720405459403992,
            0.6427281498908997,
            0.7749826908111572,
            1.2814027070999146,
            1.696171760559082,
            0.6136978268623352
        ]
    },
    "statistics": {
        "total_images": 12,
        "valid_images": 7,
        "blur_skipped": 3,
        "read_failures": 0,
        "detection_failures": 2
    }
}