{
    "rms": 1.449488391490132,
    "intrinsic_matrix": [
        [
            9648.972417895477,
            0.0,
            2648.8249355057774
        ],
        [
            0.0,
            9730.036940056018,
            1852.8736846028175
        ],
        [
            0.0,
            0.0,
            1.0
        ]
    ],
    "distortion_coefficients": [
        -0.05016415142103207,
        1.647725591655057,
        0.005739028118736126,
        0.0026402128096299966,
        -15.517893770855162
    ],
    "pattern": {
        "columns": 9,
        "rows": 6,
        "square_size_mm": 25.0
    },
    "image_size": {
        "width": 5184,
        "height": 3456
    },
    "reprojection_error": {
        "mean": 1.0963121033631837,
        "max": 2.947505235671997,
        "per_image": [
            0.7332962155342102,
            1.1403003931045532,
            0.648108720779419,
            1.6583373546600342,
            0.7120177149772644,
            0.7138718366622925,
            0.5372856259346008,
            2.6156749725341797,
            1.176172137260437,
            1.2347248792648315,
            0.7551480531692505,
            1.2541944980621338,
            0.7794654369354248,
            0.9758766889572144,
            0.6738526225090027,
            1.7224290370941162,
            2.947505235671997,
            0.929338812828064,
            0.5662590265274048,
            1.9374971389770508,
            0.8118183612823486,
            0.615558385848999,
            0.7046048045158386,
            0.7195664644241333,
            1.066636323928833,
            0.8745739459991455
        ]
    },
    "statistics": {
        "total_images": 40,
        "valid_images": 26,
        "blur_skipped": 4,
        "read_failures": 0,
        "detection_failures": 10
    }
}