{
    "rms": 0.9445254817729826,
    "intrinsic_matrix": [
        [
            8580.16522102842,
            0.0,
            2662.0938334831867
        ],
        [
            0.0,
            8651.046917521158,
            1836.415676864748
        ],
        [
            0.0,
            0.0,
            1.0
        ]
    ],
    "distortion_coefficients": [
        -0.041784906025079935,
        0.4000202663470692,
        0.004762656008405232,
        0.002856798464701183,
        -0.7390385490969898
    ],
    "pattern": {
        "columns": 9,
        "rows": 6,
        "square_size_mm": 25.0
    },
    "image_size": {
        "width": 5184,
        "height": 3456
    },
    "reprojection_error": {
        "mean": 0.7712628841400146,
        "max": 1.310664176940918,
        "per_image": [
            0.6132233142852783,
            0.728537380695343,
            1.111271858215332,
            1.1760227680206299,
            0.5724257230758667,
            0.6192989349365234,
            0.5418846011161804,
            0.5818529725074768,
            0.8399266004562378,
            0.71844482421875,
            0.7603054046630859,
            0.610643744468689,
            1.15609872341156,
            0.5436591506004333,
            0.7214747071266174,
            1.310664176940918,
            0.7415882349014282,
            0.5354087948799133
        ]
    },
    "statistics": {
        "total_images": 25,
        "valid_images": 18,
        "blur_skipped": 1,
        "read_failures": 0,
        "detection_failures": 6
    }
}