{
    "rms": 1.5868114137489646,
    "intrinsic_matrix": [
        [
            120710.25858741115,
            0.0,
            4340.203676099496
        ],
        [
            0.0,
            120791.63684502852,
            631.8245783029098
        ],
        [
            0.0,
            0.0,
            1.0
        ]
    ],
    "distortion_coefficients": [
        28.103180635431176,
        -4885.921022135537,
        -0.2909202476993034,
        0.3876950896665102,
        -4.906836841927259
    ],
    "pattern": {
        "columns": 9,
        "rows": 6,
        "square_size_mm": 25.0
    },
    "image_size": {
        "width": 5184,
        "height": 3456
    },
    "reprojection_error": {
        "mean": 1.377493679523468,
        "max": 1.6532732248306274,
        "per_image": [
            1.1017141342163086,
            1.6532732248306274
        ]
    },
    "statistics": {
        "total_images": 25,
        "valid_images": 2,
        "blur_skipped": 20,
        "read_failures": 0,
        "detection_failures": 3
    }
}