{
    "rms": 1.6889650822262718,
    "intrinsic_matrix": [
        [
            7408.357092551685,
            0.0,
            2658.9575154007334
        ],
        [
            0.0,
            7468.06516094438,
            1841.4228965993275
        ],
        [
            0.0,
            0.0,
            1.0
        ]
    ],
    "distortion_coefficients": [
        -0.111179889857406,
        1.5859816127589708,
        0.004837822408745144,
        0.002639820527979441,
        -13.067653441578596
    ],
    "pattern": {
        "columns": 9,
        "rows": 6,
        "square_size_mm": 25.0
    },
    "image_size": {
        "width": 5184,
        "height": 3456
    },
    "reprojection_error": {
        "mean": 1.002880755525369,
        "max": 2.858999490737915,
        "per_image": [
            1.3091293573379517,
            0.7067958116531372,
            1.9182627201080322,
            0.8207024335861206,
            1.0637332201004028,
            2.1573400497436523,
            0.9255453944206238,
            0.7455872297286987,
            0.5724936127662659,
            0.45594581961631775,
            0.5187504887580872,
            1.2484368085861206,
            0.5493738055229187,
            0.6241745352745056,
            0.6024736762046814,
            0.826557457447052,
            0.7562950253486633,
            0.6901784539222717,
            1.7375664710998535,
            0.7742633819580078,
            0.655903697013855,
            0.8624393939971924,
            0.5765236020088196,
            0.7998414039611816,
            1.3175863027572632,
            2.858999490737915
        ]
    },
    "statistics": {
        "total_images": 31,
        "valid_images": 26,
        "blur_skipped": 1,
        "read_failures": 0,
        "detection_failures": 4
    }
}