{
    "rms": 1.089923757568764,
    "intrinsic_matrix": [
        [
            6605.7504239970995,
            0.0,
            2644.059673857053
        ],
        [
            0.0,
            6661.606931094403,
            1842.0706947993278
        ],
        [
            0.0,
            0.0,
            1.0
        ]
    ],
    "distortion_coefficients": [
        -0.10476109937257189,
        0.33630692560901787,
        0.004452725226586795,
        0.002190680777777196,
        -0.1755607884330702
    ],
    "pattern": {
        "columns": 9,
        "rows": 6,
        "square_size_mm": 25.0
    },
    "image_size": {
        "width": 5184,
        "height": 3456
    },
    "reprojection_error": {
        "mean": 0.8393690509455545,
        "max": 2.4606165885925293,
        "per_image": [
            0.808001697063446,
            0.761258602142334,
            0.7775089144706726,
            0.4230344593524933,
            0.4729069471359253,
            0.5152170062065125,
            0.5936049818992615,
            0.947242259979248,
            1.1423157453536987,
            1.0909630060195923,
            1.0581566095352173,
            1.7655822038650513,
            0.6394873857498169,
            0.32199355959892273,
            0.5154969692230225,
            0.6095936894416809,
            0.49978020787239075,
            0.6963874101638794,
            0.7584572434425354,
            0.5387718677520752,
            0.584834635257721,
            2.4606165885925293,
            0.8258838057518005,
            0.8041983246803284,
            0.7863183617591858,
            1.0061149597167969,
            0.8943878412246704,
            0.7267656922340393,
            1.7238982915878296,
            0.8061080574989319,
            0.8468583226203918,
            0.7280959486961365,
            0.7582112550735474,
            0.8431732058525085,
            0.6466907262802124
        ]
    },
    "statistics": {
        "total_images": 39,
        "valid_images": 35,
        "blur_skipped": 1,
        "read_failures": 0,
        "detection_failures": 3
    }
}