{
    "rms": 1.007788540612871,
    "intrinsic_matrix": [
        [
            8217.391742082034,
            0.0,
            2610.3780251509597
        ],
        [
            0.0,
            8284.131625820664,
            1821.626487676081
        ],
        [
            0.0,
            0.0,
            1.0
        ]
    ],
    "distortion_coefficients": [
        -0.044921699055739096,
        0.1253207133172376,
        0.005340542214682541,
        0.001498400518653628,
        2.042993624947163
    ],
    "pattern": {
        "columns": 9,
        "rows": 6,
        "square_size_mm": 25.0
    },
    "image_size": {
        "width": 5184,
        "height": 3456
    },
    "reprojection_error": {
        "mean": 0.8164902472937549,
        "max": 1.7070211172103882,
        "per_image": [
            1.121208667755127,
            0.5666965246200562,
            0.704740047454834,
            0.7628994584083557,
            0.6626491546630859,
            1.0710854530334473,
            0.6067463755607605,
            0.7159602046012878,
            0.5747940540313721,
            0.7007415294647217,
            1.0569127798080444,
            0.9967994689941406,
            1.018088698387146,
            1.7070211172103882,
            1.046754240989685,
            1.2791168689727783,
            0.5107298493385315,
            0.49130779504776,
            0.754122257232666,
            1.01871657371521,
            1.1477094888687134,
            1.0714210271835327,
            0.7496708631515503,
            0.4312940537929535,
            0.434540718793869,
            0.4975000023841858,
            0.34600940346717834
        ]
    },
    "statistics": {
        "total_images": 32,
        "valid_images": 27,
        "blur_skipped": 0,
        "read_failures": 0,
        "detection_failures": 5
    }
}