{
    "rms": 1.3173670994996776,
    "intrinsic_matrix": [
        [
            7690.215711037722,
            0.0,
            2626.928015624927
        ],
        [
            0.0,
            7753.624976415556,
            1831.319424451037
        ],
        [
            0.0,
            0.0,
            1.0
        ]
    ],
    "distortion_coefficients": [
        -0.05860428079931735,
        -0.040972973776225635,
        0.0060582154714807135,
        0.0021693809205040825,
        3.1989886514350485
    ],
    "pattern": {
        "columns": 9,
        "rows": 6,
        "square_size_mm": 25.0
    },
    "image_size": {
        "width": 5184,
        "height": 3456
    },
    "reprojection_error": {
        "mean": 1.015923688809077,
        "max": 2.905963659286499,
        "per_image": [
            0.9910908937454224,
            0.9884874820709229,
            0.7460830807685852,
            0.7349125742912292,
            0.7156440615653992,
            0.6872362494468689,
            0.7410416603088379,
            0.8089371919631958,
            0.5096749663352966,
            0.7118450403213501,
            1.295841932296753,
            1.1116355657577515,
            0.8257110118865967,
            1.198652744293213,
            2.905963659286499,
            1.6673951148986816,
            0.8663621544837952,
            0.7801110148429871
        ]
    },
    "statistics": {
        "total_images": 29,
        "valid_images": 18,
        "blur_skipped": 0,
        "read_failures": 0,
        "detection_failures": 11
    }
}