{
    "rms": 1.167245096821144,
    "intrinsic_matrix": [
        [
            4181.2919998237085,
            0.0,
            2663.1654247501765
        ],
        [
            0.0,
            4218.662053113685,
            1810.078831564588
        ],
        [
            0.0,
            0.0,
            1.0
        ]
    ],
    "distortion_coefficients": [
        -0.16832958098753814,
        0.08591118704328739,
        0.002558758324423817,
        0.002017517632651233,
        0.10192289660052029
    ],
    "pattern": {
        "columns": 9,
        "rows": 6,
        "square_size_mm": 25.0
    },
    "image_size": {
        "width": 5184,
        "height": 3456
    },
    "reprojection_error": {
        "mean": 0.9022008221724938,
        "max": 2.7589025497436523,
        "per_image": [
            0.945974588394165,
            1.0735780000686646,
            0.7288883328437805,
            0.6264030337333679,
            0.8459413051605225,
            0.570294976234436,
            0.5384611487388611,
            1.2087979316711426,
            1.0279403924942017,
            0.4516477882862091,
            0.8357783555984497,
            0.8201070427894592,
            0.9297927618026733,
            1.2920397520065308,
            0.67726069688797,
            0.9534990787506104,
            0.8626816868782043,
            0.7685996294021606,
            0.6350324153900146,
            0.6464752554893494,
            0.7091934680938721,
            0.311092346906662,
            0.49156302213668823,
            1.81430184841156,
            0.667256772518158,
            0.7818137407302856,
            0.49466225504875183,
            2.3084850311279297,
            0.8248379826545715,
            1.4761297702789307,
            0.7030380964279175,
            0.39602649211883545,
            0.7132436037063599,
            0.7250329256057739,
            0.7216711640357971,
            2.7589025497436523,
            0.46367594599723816,
            0.7339430451393127,
            0.7384635210037231,
            0.8166705965995789,
            0.9710166454315186,
            0.8738006949424744,
            0.8341060876846313,
            0.8324089646339417,
            0.8763531446456909,
            0.6698004603385925,
            0.7801954746246338,
            0.5712490677833557,
            0.8112906813621521,
            0.8725406527519226,
            1.1545284986495972,
            1.4244650602340698,
            0.8512371778488159,
            0.9225215911865234,
            0.9220921397209167,
            2.047624349594116,
            0.3983774781227112,
            1.4248411655426025
        ]
    },
    "statistics": {
        "total_images": 79,
        "valid_images": 58,
        "blur_skipped": 16,
        "read_failures": 0,
        "detection_failures": 5
    }
}