{
    "rms": 2.0774809056387773,
    "intrinsic_matrix": [
        [
            10225.655352397578,
            0.0,
            2637.776199510425
        ],
        [
            0.0,
            10309.904562941661,
            1847.3662580788764
        ],
        [
            0.0,
            0.0,
            1.0
        ]
    ],
    "distortion_coefficients": [
        0.046883100726840106,
        -1.4259064908801826,
        0.007372527115116765,
        0.0030593511039588217,
        21.822120175649076
    ],
    "pattern": {
        "columns": 9,
        "rows": 6,
        "square_size_mm": 25.0
    },
    "image_size": {
        "width": 5184,
        "height": 3456
    },
    "reprojection_error": {
        "mean": 1.182718163728714,
        "max": 2.5924458503723145,
        "per_image": [
            0.5442224144935608,
            0.6124773621559143,
            1.466487169265747,
            2.5812525749206543,
            2.5924458503723145,
            0.8625531792640686,
            1.792173981666565,
            0.4037729501724243,
            0.41658860445022583,
            0.5552075505256653
        ]
    },
    "statistics": {
        "total_images": 15,
        "valid_images": 10,
        "blur_skipped": 0,
        "read_failures": 0,
        "detection_failures": 5
    }
}