{
    "rms": 2.0914658052286126,
    "intrinsic_matrix": [
        [
            8949.9355832881,
            0.0,
            2652.237720117757
        ],
        [
            0.0,
            9021.580266499066,
            1863.4931414127143
        ],
        [
            0.0,
            0.0,
            1.0
        ]
    ],
    "distortion_coefficients": [
        -0.1315849469033021,
        3.7623394044284093,
        0.00669174342222459,
        0.0016406443653877224,
        -34.900334528427216
    ],
    "pattern": {
        "columns": 9,
        "rows": 6,
        "square_size_mm": 25.0
    },
    "image_size": {
        "width": 5184,
        "height": 3456
    },
    "reprojection_error": {
        "mean": 0.8625928858915964,
        "max": 2.254270553588867,
        "per_image": [
            0.5584105849266052,
            0.9227073788642883,
            0.7244246602058411,
            1.468895673751831,
            2.254270553588867,
            0.5436347126960754,
            0.5686644911766052,
            0.5058236122131348,
            0.6681790947914124,
            0.6061665415763855,
            0.9427101612091064,
            0.5872271656990051
        ]
    },
    "statistics": {
        "total_images": 13,
        "valid_images": 12,
        "blur_skipped": 0,
        "read_failures": 0,
        "detection_failures": 1
    }
}