{
    "rms": 5.43610930128204,
    "intrinsic_matrix": [
        [
            6014.64560129145,
            0.0,
            2643.956023588683
        ],
        [
            0.0,
            6063.194097282197,
            1828.0905830105744
        ],
        [
            0.0,
            0.0,
            1.0
        ]
    ],
    "distortion_coefficients": [
        -0.11835887407008859,
        0.4340154554976364,
        0.002067713961644594,
        0.0016026980133615296,
        -3.3980678491209417
    ],
    "pattern": {
        "columns": 9,
        "rows": 6,
        "square_size_mm": 25.0
    },
    "image_size": {
        "width": 5184,
        "height": 3456
    },
    "reprojection_error": {
        "mean": 1.4763002025670018,
        "max": 12.295806884765625,
        "per_image": [
            0.4124091863632202,
            0.7790862917900085,
            0.8651719093322754,
            0.8023719191551208,
            0.7473556995391846,
            0.753542423248291,
            1.2230616807937622,
            0.8114082217216492,
            0.8058925867080688,
            0.834232747554779,
            0.8209972977638245,
            1.2460007667541504,
            1.1918624639511108,
            0.6380422115325928,
            1.2563493251800537,
            2.331132650375366,
            0.7407698631286621,
            3.0356459617614746,
            1.2195490598678589,
            12.295806884765625,
            0.7949997782707214,
            0.852472722530365,
            1.3720351457595825,
            0.765631377696991,
            0.912530779838562,
            1.379151463508606,
            1.1160573959350586,
            1.7525136470794678,
            1.056624412536621
        ]
    },
    "statistics": {
        "total_images": 41,
        "valid_images": 29,
        "blur_skipped": 4,
        "read_failures": 0,
        "detection_failures": 8
    }
}