{
    "rms": 1.2455888418715646,
    "intrinsic_matrix": [
        [
            4752.41869607601,
            0.0,
            2708.2546519384928
        ],
        [
            0.0,
            4794.255841203621,
            1817.2635448298288
        ],
        [
            0.0,
            0.0,
            1.0
        ]
    ],
    "distortion_coefficients": [
        -0.1381021142426989,
        -0.03494222474559,
        0.002476453745924796,
        0.0028814291352073267,
        0.45252807768921155
    ],
    "pattern": {
        "columns": 9,
        "rows": 6,
        "square_size_mm": 25.0
    },
    "image_size": {
        "width": 5184,
        "height": 3456
    },
    "reprojection_error": {
        "mean": 1.0055338595594678,
        "max": 2.045443534851074,
        "per_image": [
            0.7665664553642273,
            1.0414239168167114,
            0.8143332600593567,
            0.6055580973625183,
            0.39215317368507385,
            2.045443534851074,
            0.7888026833534241,
            1.3239883184432983,
            1.5314695835113525,
            0.8659496307373047,
            0.8516425490379333,
            0.893004834651947,
            0.678515613079071,
            0.8762509822845459,
            1.1882096529006958,
            1.7395867109298706,
            0.7976921200752258,
            1.0913993120193481,
            0.6189455986022949,
            0.6648064851760864,
            0.8172388672828674,
            1.6054883003234863,
            0.8002026081085205,
            1.188918113708496,
            0.6036320924758911,
            0.6567563414573669,
            0.7039817571640015,
            1.0228300094604492,
            0.9257140159606934,
            0.538906455039978,
            1.497487187385559,
            1.7966245412826538,
            0.6806778907775879,
            1.0698957443237305,
            1.709588646888733
        ]
    },
    "statistics": {
        "total_images": 54,
        "valid_images": 35,
        "blur_skipped": 14,
        "read_failures": 0,
        "detection_failures": 5
    }
}