{
    "rms": 1.2166992044878102,
    "intrinsic_matrix": [
        [
            10521.091116340795,
            0.0,
            2791.3653457105975
        ],
        [
            0.0,
            10595.657972143994,
            1838.148643749632
        ],
        [
            0.0,
            0.0,
            1.0
        ]
    ],
    "distortion_coefficients": [
        0.043996661765286146,
        -3.217838212685963,
        0.003845483300047345,
        0.005730511251756724,
        57.67512918813806
    ],
    "pattern": {
        "columns": 9,
        "rows": 6,
        "square_size_mm": 25.0
    },
    "image_size": {
        "width": 5184,
        "height": 3456
    },
    "reprojection_error": {
        "mean": 0.8450554062922796,
        "max": 2.386159896850586,
        "per_image": [
            0.6482269167900085,
            0.5981463193893433,
            0.4264194965362549,
            0.31246086955070496,
            2.386159896850586,
            0.6989189386367798
        ]
    },
    "statistics": {
        "total_images": 16,
        "valid_images": 6,
        "blur_skipped": 7,
        "read_failures": 0,
        "detection_failures": 3
    }
}