{
    "rms": 1.0177641403943642,
    "intrinsic_matrix": [
        [
            9250.064807563362,
            0.0,
            2703.8168312756125
        ],
        [
            0.0,
            9327.279230972921,
            1831.2036839208483
        ],
        [
            0.0,
            0.0,
            1.0
        ]
    ],
    "distortion_coefficients": [
        -2.789910601824702e-06,
        -0.38894876483284385,
        0.005660875796395894,
        0.0031715110822786736,
        6.662945181332251
    ],
    "pattern": {
        "columns": 9,
        "rows": 6,
        "square_size_mm": 25.0
    },
    "image_size": {
        "width": 5184,
        "height": 3456
    },
    "reprojection_error": {
        "mean": 0.7834346261289384,
        "max": 1.9020887613296509,
        "per_image": [
            0.7424231171607971,
            0.6742479801177979,
            0.5661646723747253,
            0.6986317038536072,
            0.9501177668571472,
            0.6171337366104126,
            1.9020887613296509,
            0.5286757946014404,
            0.5655365586280823,
            0.4800889492034912,
            0.41383349895477295,
            0.6088466048240662,
            1.4241169691085815,
            1.4975395202636719,
            0.6385204195976257,
            0.5795974731445312,
            0.7002356648445129,
            0.5140240788459778
        ]
    },
    "statistics": {
        "total_images": 21,
        "valid_images": 18,
        "blur_skipped": 1,
        "read_failures": 0,
        "detection_failures": 2
    }
}