{
    "rms": 1.659534759028353,
    "intrinsic_matrix": [
        [
            6886.078693936411,
            0.0,
            2659.8861125475455
        ],
        [
            0.0,
            6944.552582621945,
            1867.5658289798723
        ],
        [
            0.0,
            0.0,
            1.0
        ]
    ],
    "distortion_coefficients": [
        -0.0736734316146958,
        -0.23712037608738787,
        0.004442878110304516,
        0.0018811054188235348,
        2.3231804751294822
    ],
    "pattern": {
        "columns": 9,
        "rows": 6,
        "square_size_mm": 25.0
    },
    "image_size": {
        "width": 5184,
        "height": 3456
    },
    "reprojection_error": {
        "mean": 1.2119084818022592,
        "max": 3.1998825073242188,
        "per_image": [
            2.472991943359375,
            2.309910774230957,
            2.3440635204315186,
            3.1600821018218994,
            1.0674707889556885,
            0.620082437992096,
            0.6753254532814026,
            0.5079845786094666,
            0.6997501254081726,
            0.9197041988372803,
            1.1851578950881958,
            0.8104138374328613,
            1.3690552711486816,
            0.5988021492958069,
            0.7898666262626648,
            0.5956107378005981,
            3.1998825073242188,
            0.8139729499816895,
            0.8425965309143066,
            0.5898130536079407,
            2.0456724166870117,
            0.9828985929489136,
            0.8345703482627869,
            0.719195544719696,
            0.976260244846344,
            0.8224165439605713,
            1.8762469291687012,
            1.4808645248413086,
            2.176668405532837,
            0.7644726037979126,
            0.5416240096092224,
            0.5715811252593994,
            0.6996439695358276,
            0.5982093811035156,
            1.7539347410202026
        ]
    },
    "statistics": {
        "total_images": 40,
        "valid_images": 35,
        "blur_skipped": 1,
        "read_failures": 0,
        "detection_failures": 4
    }
}