{
    "rms": 2.9285632161417756,
    "intrinsic_matrix": [
        [
            7124.0310142372455,
            0.0,
            2625.7199501444265
        ],
        [
            0.0,
            7181.462831668823,
            1867.6558513449647
        ],
        [
            0.0,
            0.0,
            1.0
        ]
    ],
    "distortion_coefficients": [
        -0.10658931023306872,
        1.1057976768081619,
        0.003262573959321168,
        0.0022199501207602734,
        -8.392092419560182
    ],
    "pattern": {
        "columns": 9,
        "rows": 6,
        "square_size_mm": 25.0
    },
    "image_size": {
        "width": 5184,
        "height": 3456
    },
    "reprojection_error": {
        "mean": 1.1875927249590557,
        "max": 5.193750858306885,
        "per_image": [
            0.7514952421188354,
            0.576000988483429,
            1.9612867832183838,
            0.7367314100265503,
            1.1342580318450928,
            0.5893447995185852,
            1.1458158493041992,
            1.031192660331726,
            1.0769085884094238,
            0.9758602380752563,
            0.7419440746307373,
            0.9318641424179077,
            1.477146029472351,
            0.6606583595275879,
            5.193750858306885,
            0.7047038078308105,
            1.5412946939468384,
            1.1092665195465088,
            0.5540542602539062,
            0.6381412148475647,
            1.407728672027588
        ]
    },
    "statistics": {
        "total_images": 28,
        "valid_images": 21,
        "blur_skipped": 0,
        "read_failures": 0,
        "detection_failures": 7
    }
}