{
    "rms": 1.0820416795672136,
    "intrinsic_matrix": [
        [
            5089.049444847726,
            0.0,
            2671.9013388707067
        ],
        [
            0.0,
            5134.234125847643,
            1827.5955321576678
        ],
        [
            0.0,
            0.0,
            1.0
        ]
    ],
    "distortion_coefficients": [
        -0.11914011078793474,
        -0.13702627996042574,
        0.003226031458736291,
        0.002843141062953874,
        0.8746625042594428
    ],
    "pattern": {
        "columns": 9,
        "rows": 6,
        "square_size_mm": 25.0
    },
    "image_size": {
        "width": 5184,
        "height": 3456
    },
    "reprojection_error": {
        "mean": 0.8313356996063264,
        "max": 2.414311647415161,
        "per_image": [
            0.8466926217079163,
            0.8461978435516357,
            0.5069944858551025,
            0.47764694690704346,
            0.2934015989303589,
            0.7315127849578857,
            0.5946292281150818,
            0.4407387375831604,
            0.8473584651947021,
            1.2057090997695923,
            0.754881739616394,
            0.4956485331058502,
            0.7463236451148987,
            0.6357882618904114,
            0.22907334566116333,
            0.7023735642433167,
            0.8604785203933716,
            0.5269967317581177,
            0.512484610080719,
            0.5125826597213745,
            0.46549683809280396,
            0.5269370079040527,
            0.4199634790420532,
            0.6627212166786194,
            0.6301128268241882,
            0.9241061806678772,
            0.6782061457633972,
            0.8389176726341248,
            0.9933102130889893,
            1.0670690536499023,
            0.592635989189148,
            0.37973037362098694,
            0.3666174113750458,
            0.24264194071292877,
            0.3405655324459076,
            0.42336952686309814,
            0.5995495319366455,
            0.5881847739219666,
            0.8732780814170837,
            0.8735763430595398,
            1.8957101106643677,
            2.1638731956481934,
            0.7752636075019836,
            0.8031736016273499,
            0.9313481450080872,
            0.911821722984314,
            0.6727874279022217,
            0.9004200100898743,
            1.1872925758361816,
            0.5793486833572388,
            1.1203575134277344,
            1.9660239219665527,
            1.506206750869751,
            2.414311647415161,
            1.0184718370437622,
            0.8678408265113831,
            1.0921002626419067,
            1.4952847957611084,
            0.9604655504226685,
            1.4262773990631104,
            0.7681891918182373,
            0.8317410349845886
        ]
    },
    "statistics": {
        "total_images": 92,
        "valid_images": 62,
        "blur_skipped": 13,
        "read_failures": 0,
        "detection_failures": 17
    }
}