{
    "rms": 1.306233460002025,
    "intrinsic_matrix": [
        [
            5457.9297160724,
            0.0,
            2661.4674213850517
        ],
        [
            0.0,
            5505.136617401669,
            1836.5556207577933
        ],
        [
            0.0,
            0.0,
            1.0
        ]
    ],
    "distortion_coefficients": [
        -0.13678932286073595,
        0.3005062614448664,
        0.004540698510516371,
        0.0026116582812175295,
        -0.898059703402443
    ],
    "pattern": {
        "columns": 9,
        "rows": 6,
        "square_size_mm": 25.0
    },
    "image_size": {
        "width": 5184,
        "height": 3456
    },
    "reprojection_error": {
        "mean": 0.7923831412425408,
        "max": 2.4490177631378174,
        "per_image": [
            0.3596283495426178,
            0.49022117257118225,
            0.6440039277076721,
            0.5811267495155334,
            0.6175989508628845,
            0.5963637232780457,
            0.850252628326416,
            0.5625846982002258,
            0.6311378479003906,
            0.7078284621238708,
            0.7123902440071106,
            0.7207074165344238,
            2.4490177631378174,
            0.8915830254554749,
            0.6220540404319763,
            0.8484535217285156,
            0.7517122626304626,
            1.084963083267212,
            0.8948237299919128,
            0.42837464809417725,
            0.6250157356262207,
            1.3006408214569092,
            0.9615302085876465,
            0.553598940372467,
            0.9176403880119324,
            0.7987093329429626
        ]
    },
    "statistics": {
        "total_images": 35,
        "valid_images": 26,
        "blur_skipped": 5,
        "read_failures": 0,
        "detection_failures": 4
    }
}