{
    "rms": 1.6348144036597245,
    "intrinsic_matrix": [
        [
            12126.752469467792,
            0.0,
            2530.86620969276
        ],
        [
            0.0,
            12216.229776001159,
            1959.297030340218
        ],
        [
            0.0,
            0.0,
            1.0
        ]
    ],
    "distortion_coefficients": [
        -0.1157997299007537,
        7.604733021883969,
        0.00913980958685729,
        -0.0014520821096266517,
        -95.10356096324216
    ],
    "pattern": {
        "columns": 9,
        "rows": 6,
        "square_size_mm": 25.0
    },
    "image_size": {
        "width": 5184,
        "height": 3456
    },
    "reprojection_error": {
        "mean": 1.2073761650494166,
        "max": 2.490347385406494,
        "per_image": [
            0.6296215653419495,
            0.9764477014541626,
            1.4471426010131836,
            1.4964889287948608,
            2.490347385406494,
            0.7805162072181702,
            0.631068766117096
        ]
    },
    "statistics": {
        "total_images": 8,
        "valid_images": 7,
        "blur_skipped": 0,
        "read_failures": 0,
        "detection_failures": 1
    }
}