{
    "rms": 1.403945294913415,
    "intrinsic_matrix": [
        [
            11990.20523340568,
            0.0,
            2575.112398904292
        ],
        [
            0.0,
            12088.325023698602,
            1935.384766643288
        ],
        [
            0.0,
            0.0,
            1.0
        ]
    ],
    "distortion_coefficients": [
        -0.041725124645745126,
        6.23665970413006,
        0.00953550363152377,
        -0.0005267347770693864,
        -127.60235275997498
    ],
    "pattern": {
        "columns": 9,
        "rows": 6,
        "square_size_mm": 25.0
    },
    "image_size": {
        "width": 5184,
        "height": 3456
    },
    "reprojection_error": {
        "mean": 1.0577108493218055,
        "max": 2.099118947982788,
        "per_image": [
            0.5994153618812561,
            1.6810157299041748,
            1.7638071775436401,
            0.6828091740608215,
            0.5996983647346497,
            0.7289577722549438,
            0.917738676071167,
            2.099118947982788,
            1.29110586643219,
            0.6896458268165588,
            0.5712350010871887,
            1.4750351905822754,
            0.6506579518318176
        ]
    },
    "statistics": {
        "total_images": 19,
        "valid_images": 13,
        "blur_skipped": 0,
        "read_failures": 0,
        "detection_failures": 6
    }
}