{
    "rms": 0.46691933255600016,
    "intrinsic_matrix": [
        [
            11438.10024867492,
            0.0,
            2845.976189377774
        ],
        [
            0.0,
            11496.505271895847,
            2039.9899635372
        ],
        [
            0.0,
            0.0,
            1.0
        ]
    ],
    "distortion_coefficients": [
        -0.058352025837266654,
        4.012954465399093,
        0.0076749937578184,
        0.006961371449003675,
        -49.13905011061197
    ],
    "pattern": {
        "columns": 9,
        "rows": 6,
        "square_size_mm": 25.0
    },
    "image_size": {
        "width": 5184,
        "height": 3456
    },
    "reprojection_error": {
        "mean": 0.40586355328559875,
        "max": 0.40586355328559875,
        "per_image": [
            0.40586355328559875
        ]
    },
    "statistics": {
        "total_images": 5,
        "valid_images": 1,
        "blur_skipped": 4,
        "read_failures": 0,
        "detection_failures": 0
    }
}