{
    "rms": 1.348263605279603,
    "intrinsic_matrix": [
        [
            4493.775490392172,
            0.0,
            2658.0928907704383
        ],
        [
            0.0,
            4533.144932965297,
            1826.6518628490185
        ],
        [
            0.0,
            0.0,
            1.0
        ]
    ],
    "distortion_coefficients": [
        -0.17137598251988936,
        0.18109424872413762,
        0.002844232689899513,
        0.0022313913424493533,
        -0.09638943159334563
    ],
    "pattern": {
        "columns": 9,
        "rows": 6,
        "square_size_mm": 25.0
    },
    "image_size": {
        "width": 5184,
        "height": 3456
    },
    "reprojection_error": {
        "mean": 1.0609423249959946,
        "max": 1.7414997816085815,
        "per_image": [
            1.1444158554077148,
            0.7830953001976013,
            0.7038047909736633,
            1.2537367343902588,
            1.518511176109314,
            1.4149396419525146,
            1.2777982950210571,
            0.7037665843963623,
            0.7973494529724121,
            0.9151073694229126,
            1.5040823221206665,
            0.8133240342140198,
            0.9307190179824829,
            1.407394289970398,
            0.7680484652519226,
            0.9076895117759705,
            0.8245154023170471,
            1.7414997816085815,
            0.8506512641906738,
            0.9583972096443176
        ]
    },
    "statistics": {
        "total_images": 34,
        "valid_images": 20,
        "blur_skipped": 13,
        "read_failures": 0,
        "detection_failures": 1
    }
}